analysis,mean_log_lik,median_log_lik
alt_k,25213.232796367596,27340.78349019401
