analysis,mean_log_lik,median_log_lik
surface_par,25212.755447250805,27342.891776782228
