analysis,mean_log_lik,median_log_lik
fixed,25214.41147483633,27342.896895483416
