analysis,mean_log_lik,median_log_lik
main,25213.584032431125,27341.933698336266
